"URL","Type"
"https://www.usatoday.com/gcdn/gannett-web/apps/teal/dist/tangent-bundle-fafed4a4.min.js","75540","17","application/javascript"
"https://www.usatoday.com/gcdn/gannett-web/apps/teal/dist/vendor/hls/hls.1.2.8.min.js","343852","2","application/javascript"
"https://www.usatoday.com/gcdn/gannett-web/apps/teal/dist/vendor/comscore/streamsense-5.1.1.160316.min.js","90109","1","application/javascript"
"https://www.usatoday.com/tangstatic/js/pbjsandwich-q1a2z35eda84ca.min.js","294800","113","application/javascript"
"https://www.usatoday.com/gcdn/gannett-web/apps/teal/dist/vendor/ias/ias-3.5.1.min.js","16399","0","application/javascript"
"https://www.usatoday.com/tangstatic/js/main-q1a2z3e90b09b9.min.js","77114","10","application/javascript"
"https://www.usatoday.com/money/blueprint/wp-content/themes/usat/public/fonts/unifysans/UnifySans_W_Rg.woff2","16620","0","application/font-woff2"
"https://www.usatoday.com/money/blueprint/wp-content/themes/usat/public/js/v3.min.js","33192","0","application/x-javascript"
"https://www.usatoday.com/money/blueprint/wp-content/themes/usat/public/fonts/unifysans/UnifySans_W_SBd.woff2","17876","0","application/font-woff2"
"https://www.usatoday.com/money/blueprint/wp-content/plugins/ninja-tables/assets/fonts/ninja-tables.woff?10ed5e333d4d4b43f270e4007cba8413","4032","0","application/font-woff"
"https://www.usatoday.com/gcdn/dcjs/prod/main.js","70866","19","application/javascript"
"https://www.usatoday.com/money/blueprint/wp-content/themes/usat/public/fonts/unifysans/UnifySans_W_Bd.woff2","17984","0","application/font-woff2"
"https://www.usatoday.com/money/blueprint/wp-content/themes/usat/public/lib/jquery-3.6.0.min.js","89501","0","application/x-javascript"
"https://www.usatoday.com/money/blueprint/wp-content/themes/usat/public/js/alpine.js?v=1704356956","41750","0","application/x-javascript"
"https://www.usatoday.com/money/blueprint/wp-content/plugins/ninja-tables/assets/css/ninjatables-public.css?ver=4.3.4","93502","2","text/css"
"https://www.usatoday.com/money/blueprint/wp-content/plugins/ninja-tables/assets/fonts/ninja-tables.woff2?1a82860cb5286f7833a2c33fbdd1d76c","2688","0","application/font-woff2"
"https://www.usatoday.com/elections/_next/static/css/5f12906ab701f93b.css","25295","0","text/css; charset=UTF-8"
"https://www.usatoday.com/elections/_next/static/css/7246b9987732d1ae.css","1625","0","text/css; charset=UTF-8"
"https://www.usatoday.com/elections/_next/static/css/ff179dd3c856eac5.css","6943","0","text/css; charset=UTF-8"
"https://www.usatoday.com/elections/_next/static/css/43f65cbf3ea365db.css","22424","0","text/css; charset=UTF-8"
"https://www.usatoday.com/tech/internet/_next/static/css/7e3617411ae0ac8f.css","110586","1","text/css; charset=UTF-8"
"https://www.usatoday.com/tech/internet/_next/static/css/045eaef592e301e0.css","301","0","text/css; charset=UTF-8"
"https://www.usatoday.com/tech/internet/_next/static/css/79676b6a47231ac1.css","33984","1","text/css; charset=UTF-8"
"https://www.usatoday.com/tech/internet/_next/static/chunks/webpack-a0d51e60e8538e72.js","3867","0","application/javascript; charset=UTF-8"
"https://www.usatoday.com/tech/internet/_next/static/css/2350366334b92978.css","116429","1","text/css; charset=UTF-8"
"https://www.usatoday.com/horoscopes/static/css/main.css","52253","0","text/css"
"https://www.usatoday.com/elections/_next/static/css/87b001b8fdca6878.css","1447","0","text/css; charset=UTF-8"
"https://www.usatoday.com/border-wall/dist/application.min.css","85850","3","text/css; charset=UTF-8"
"https://www.usatoday.com/border-wall/lib/bootstrap/dist/css/bootstrap.min.css","121457","3","text/css; charset=UTF-8"
"https://www.usatoday.com/border-wall/lib/angular-loading-bar/build/loading-bar.min.css","2236","0","text/css; charset=UTF-8"
"https://www.usatoday.com/elections/_next/static/css/be2c1abc5131b954.css","79","0","text/css; charset=UTF-8"
"https://www.usatoday.com/elections/_next/static/css/939de8ee8eaf71b7.css","28351","0","text/css; charset=UTF-8"
"https://www.usatoday.com/booklist/_next/static/css/d9df6f26da620ca0.css","20047","0","text/css; charset=UTF-8"
"https://www.usatoday.com/lottery/_next/static/css/4ab966f50f7e7cc5.css","13529","0","text/css; charset=UTF-8"
"https://www.usatoday.com/celebrity-deaths/_next/static/css/9cb9bfd30846c3b7.css","27445","1","text/css; charset=UTF-8"
"https://www.usatoday.com/celebrity-deaths/_next/static/css/6d30f9e5358a7555.css","6765","0","text/css; charset=UTF-8"
"https://www.usatoday.com/booklist/_next/static/css/93d67dc5e0a569b2.css","27059","0","text/css; charset=UTF-8"
"https://www.usatoday.com/booklist/_next/static/css/cc147a16bfbac081.css","4757","0","text/css; charset=UTF-8"
"https://www.usatoday.com/booklist/_next/static/css/e69dd75533778334.css","10772","0","text/css; charset=UTF-8"
"https://www.usatoday.com/lottery/_next/static/css/66921d2d3fb8ceb8.css","12093","0","text/css; charset=UTF-8"
"https://www.usatoday.com/lottery/_next/static/css/78cdf204dfd86eb9.css","14004","0","text/css; charset=UTF-8"
"https://www.usatoday.com/holiday-marketplace/_next/static/css/e2a6ad595dca19fb.css","27294","0","text/css; charset=UTF-8"
"https://www.usatoday.com/holiday-marketplace/_next/static/css/c1253b289bc76fa4.css","13693","0","text/css; charset=UTF-8"
"https://www.usatoday.com/lottery/_next/static/css/35014d1650706686.css","2654","0","text/css; charset=UTF-8"
